sample,video_id,video_row,video_col,power_mW,speed_mm_s,distance_um,replicate,resistance_kOhm_sq,filename,resolution,fps,timestamp
Sample 1,S001,R00,C00,30.0,2.0,10.0,1,2.12,MiroC110_S001_R00_C00_1280x1024_400fps_2026-07-22_11-18-16.mp4,1280x1024,400,2026-07-22 11:18:16
Sample 1,S012,R05,C00,30.0,4.0,10.0,1,0.8,MiroC110_S012_R05_C00_1280x1024_400fps_2026-07-22_16-07-30.mp4,1280x1024,400,2026-07-22 16:07:30
Sample 1,S013,R05,C01,30.0,6.0,10.0,1,0.81,MiroC110_S013_R05_C01_1280x1024_400fps_2026-07-22_16-15-14.mp4,1280x1024,400,2026-07-22 16:15:14
Sample 1,S024,R05,C02,30.0,8.0,10.0,1,0.8,MiroC110_S024_R05_C02_1280x1024_400fps_2026-07-22_18-54-19.mp4,1280x1024,400,2026-07-22 18:54:19
Sample 1,S025,R05,C03,30.0,10.0,10.0,1,0.92,MiroC110_S025_R05_C03_1280x1024_400fps_2026-07-22_19-00-25.mp4,1280x1024,400,2026-07-22 19:00:25
Sample 1,S002,R01,C00,30.0,2.0,20.0,1,1.07,MiroC110_S002_R01_C00_1280x1024_400fps_2026-07-22_12-03-25.mp4,1280x1024,400,2026-07-22 12:03:25
Sample 1,S011,R04,C00,30.0,4.0,20.0,1,0.65,MiroC110_S011_R04_C00_1280x1024_400fps_2026-07-22_15-57-33.mp4,1280x1024,400,2026-07-22 15:57:33
Sample 1,S014,R04,C01,30.0,6.0,20.0,1,0.68,MiroC110_S014_R04_C01_1280x1024_400fps_2026-07-22_16-24-01.mp4,1280x1024,400,2026-07-22 16:24:01
Sample 1,S023,R04,C02,30.0,8.0,20.0,1,0.77,MiroC110_S023_R04_C02_1280x1024_400fps_2026-07-22_18-47-38.mp4,1280x1024,400,2026-07-22 18:47:38
Sample 1,S026,R04,C03,30.0,10.0,20.0,1,0.81,MiroC110_S026_R04_C03_1280x1024_400fps_2026-07-22_19-07-15.mp4,1280x1024,400,2026-07-22 19:07:15
Sample 1,S003,R02,C00,30.0,2.0,30.0,1,1.7,MiroC110_S003_R02_C00_1280x1024_400fps_2026-07-22_12-34-24.mp4,1280x1024,400,2026-07-22 12:34:24
Sample 1,S010,R03,C00,30.0,4.0,30.0,1,0.69,MiroC110_S010_R03_C00_1280x1024_400fps_2026-07-22_15-46-06.mp4,1280x1024,400,2026-07-22 15:46:06
Sample 1,S015,R03,C01,30.0,6.0,30.0,1,0.76,MiroC110_S015_R03_C01_1280x1024_400fps_2026-07-22_16-34-21.mp4,1280x1024,400,2026-07-22 16:34:21
Sample 1,S022,R03,C02,30.0,8.0,30.0,1,0.82,MiroC110_S022_R03_C02_1280x1024_400fps_2026-07-22_18-40-06.mp4,1280x1024,400,2026-07-22 18:40:06
Sample 1,S027,R03,C03,30.0,10.0,30.0,1,0.83,MiroC110_S027_R03_C03_1280x1024_400fps_2026-07-22_19-15-08.mp4,1280x1024,400,2026-07-22 19:15:08
Sample 1,S004,R03,C00,30.0,2.0,40.0,1,0.95,MiroC110_S004_R03_C00_1280x1024_400fps_2026-07-22_12-58-19.mp4,1280x1024,400,2026-07-22 12:58:19
Sample 1,S009,R02,C00,30.0,4.0,40.0,1,0.63,MiroC110_S009_R02_C00_1280x1024_400fps_2026-07-22_15-32-27.mp4,1280x1024,400,2026-07-22 15:32:27
Sample 1,S021,R02,C02,30.0,8.0,40.0,1,0.8,MiroC110_S021_R02_C02_1280x1024_400fps_2026-07-22_18-31-20.mp4,1280x1024,400,2026-07-22 18:31:20
Sample 1,S028,R02,C03,30.0,10.0,40.0,1,0.98,MiroC110_S028_R02_C03_1280x1024_400fps_2026-07-22_19-24-47.mp4,1280x1024,400,2026-07-22 19:24:47
Sample 1,S005,R04,C00,30.0,2.0,50.0,1,0.61,MiroC110_S005_R04_C00_1280x1024_400fps_2026-07-22_13-17-58.mp4,1280x1024,400,2026-07-22 13:17:58
Sample 1,S008,R01,C00,30.0,4.0,50.0,1,0.59,MiroC110_S008_R01_C00_1280x1024_400fps_2026-07-22_15-15-07.mp4,1280x1024,400,2026-07-22 15:15:07
Sample 1,S017,R01,C01,30.0,6.0,50.0,1,0.63,MiroC110_S017_R01_C01_1280x1024_400fps_2026-07-22_17-05-17.mp4,1280x1024,400,2026-07-22 17:05:17
Sample 1,S020,R01,C02,30.0,8.0,50.0,1,0.73,MiroC110_S020_R01_C02_1280x1024_400fps_2026-07-22_18-20-29.mp4,1280x1024,400,2026-07-22 18:20:29
Sample 1,S029,R01,C03,30.0,10.0,50.0,1,0.93,MiroC110_S029_R01_C03_1280x1024_400fps_2026-07-22_19-37-55.mp4,1280x1024,400,2026-07-22 19:37:55
Sample 1,S006,R05,C00,30.0,2.0,60.0,1,0.35,MiroC110_S006_R05_C00_1280x1024_400fps_2026-07-22_13-34-44.mp4,1280x1024,400,2026-07-22 13:34:44
Sample 1,S007,R00,C00,30.0,4.0,60.0,1,0.48,MiroC110_S007_R00_C00_1280x1024_400fps_2026-07-22_14-50-28.mp4,1280x1024,400,2026-07-22 14:50:28
Sample 1,S018,R00,C01,30.0,6.0,60.0,1,0.7,MiroC110_S018_R00_C01_1280x1024_400fps_2026-07-22_17-38-34.mp4,1280x1024,400,2026-07-22 17:38:34
Sample 1,S019,R00,C02,30.0,8.0,60.0,1,0.83,MiroC110_S019_R00_C02_1280x1024_400fps_2026-07-22_18-05-36.mp4,1280x1024,400,2026-07-22 18:05:36
Sample 1,S030,R00,C03,30.0,10.0,60.0,1,1.2,MiroC110_S030_R00_C03_1280x1024_400fps_2026-07-22_20-01-26.mp4,1280x1024,400,2026-07-22 20:01:26
Sample 2,S024,R00,C03,40.0,8.0,10.0,1,45.9,MiroC110_S024_R00_C03_1280x1024_400fps_2026-07-23_19-46-42.mp4,1280x1024,400,2026-07-23 19:46:42
Sample 2,S025,R00,C04,40.0,10.0,10.0,1,2.53,MiroC110_S025_R00_C04_1280x1024_400fps_2026-07-23_20-10-20.mp4,1280x1024,400,2026-07-23 20:10:20
Sample 2,S014,R01,C02,40.0,6.0,20.0,1,20.1,MiroC110_S014_R01_C02_1280x1024_400fps_2026-07-23_17-49-41.mp4,1280x1024,400,2026-07-23 17:49:41
Sample 2,S023,R01,C03,40.0,8.0,20.0,1,17.7,MiroC110_S023_R01_C03_1280x1024_400fps_2026-07-23_19-19-31.mp4,1280x1024,400,2026-07-23 19:19:31
Sample 2,S026,R01,C04,40.0,10.0,20.0,1,11.5,MiroC110_S026_R01_C04_1280x1024_400fps_2026-07-23_20-23-35.mp4,1280x1024,400,2026-07-23 20:23:35
Sample 2,S010,R02,C01,40.0,4.0,30.0,1,30.0,MiroC110_S010_R02_C01_1280x1024_400fps_2026-07-23_15-46-38.mp4,1280x1024,400,2026-07-23 15:46:38
Sample 2,S015,R02,C02,40.0,6.0,30.0,1,14.2,MiroC110_S015_R02_C02_1280x1024_400fps_2026-07-23_18-02-45.mp4,1280x1024,400,2026-07-23 18:02:45
Sample 2,S022,R02,C03,40.0,8.0,30.0,1,10.8,MiroC110_S022_R02_C03_1280x1024_400fps_2026-07-23_19-04-29.mp4,1280x1024,400,2026-07-23 19:04:29
Sample 2,S027,R02,C04,40.0,10.0,30.0,1,2.8,MiroC110_S027_R02_C04_1280x1024_400fps_2026-07-23_20-33-23.mp4,1280x1024,400,2026-07-23 20:33:23
Sample 2,S004,R03,C00,40.0,2.0,40.0,1,3.5,MiroC110_S004_R03_C00_1280x1024_400fps_2026-07-23_14-16-52.mp4,1280x1024,400,2026-07-23 14:16:52
Sample 2,S009,R03,C01,40.0,4.0,40.0,1,8.7,MiroC110_S009_R03_C01_1280x1024_400fps_2026-07-23_15-29-07.mp4,1280x1024,400,2026-07-23 15:29:07
Sample 2,S016,R03,C02,40.0,6.0,40.0,1,11.1,MiroC110_S016_R03_C02_1280x1024_400fps_2026-07-23_18-13-14.mp4,1280x1024,400,2026-07-23 18:13:14
Sample 2,S021,R03,C03,40.0,8.0,40.0,1,2.04,MiroC110_S021_R03_C03_1280x1024_400fps_2026-07-23_18-53-30.mp4,1280x1024,400,2026-07-23 18:53:30
Sample 2,S028,R03,C04,40.0,10.0,40.0,1,1.13,MiroC110_S028_R03_C04_1280x1024_400fps_2026-07-23_20-41-25.mp4,1280x1024,400,2026-07-23 20:41:25
Sample 2,S005,R04,C00,40.0,2.0,50.0,1,4.06,MiroC110_S005_R04_C00_1280x1024_400fps_2026-07-23_14-36-41.mp4,1280x1024,400,2026-07-23 14:36:41
Sample 2,S008,R04,C01,40.0,4.0,50.0,1,2.65,MiroC110_S008_R04_C01_1280x1024_400fps_2026-07-23_15-15-19.mp4,1280x1024,400,2026-07-23 15:15:19
Sample 2,S017,R04,C02,40.0,6.0,50.0,1,2.47,MiroC110_S017_R04_C02_1280x1024_400fps_2026-07-23_18-22-10.mp4,1280x1024,400,2026-07-23 18:22:10
Sample 2,S020,R04,C03,40.0,8.0,50.0,1,0.87,MiroC110_S020_R04_C03_1280x1024_400fps_2026-07-23_18-44-37.mp4,1280x1024,400,2026-07-23 18:44:37
Sample 2,S029,R04,C04,40.0,10.0,50.0,1,1.48,MiroC110_S029_R04_C04_1280x1024_400fps_2026-07-23_20-48-23.mp4,1280x1024,400,2026-07-23 20:48:23
Sample 2,S006,R05,C00,40.0,2.0,60.0,1,0.7,MiroC110_S006_R05_C00_1280x1024_400fps_2026-07-23_14-53-37.mp4,1280x1024,400,2026-07-23 14:53:37
Sample 2,S007,R05,C01,40.0,4.0,60.0,1,0.78,MiroC110_S007_R05_C01_1280x1024_400fps_2026-07-23_15-03-42.mp4,1280x1024,400,2026-07-23 15:03:42
Sample 2,S018,R05,C02,40.0,6.0,60.0,1,1.08,MiroC110_S018_R05_C02_1280x1024_400fps_2026-07-23_18-30-04.mp4,1280x1024,400,2026-07-23 18:30:04
Sample 2,S019,R05,C03,40.0,8.0,60.0,1,1.45,MiroC110_S019_R05_C03_1280x1024_400fps_2026-07-23_18-36-55.mp4,1280x1024,400,2026-07-23 18:36:55
Sample 2,S030,R05,C04,40.0,10.0,60.0,1,0.46,MiroC110_S030_R05_C04_1280x1024_400fps_2026-07-23_20-54-38.mp4,1280x1024,400,2026-07-23 20:54:38
Sample 3,S001,R00,C00,30.0,5.0,30.0,1,0.54,MiroC110_S001_R00_C00_1280x1024_900fps_2026-08-10_14-42-27.mp4,1280x1024,900,2026-08-10 14:42:27
Sample 3,S002,R01,C00,30.0,7.0,30.0,1,0.8,MiroC110_S002_R01_C00_1280x1024_900fps_2026-08-10_14-55-48.mp4,1280x1024,900,2026-08-10 14:55:48
Sample 3,S003,R02,C00,30.0,9.0,30.0,1,0.7,MiroC110_S003_R02_C00_1280x1024_900fps_2026-08-10_15-07-15.mp4,1280x1024,900,2026-08-10 15:07:15
Sample 3,S004,R03,C00,30.0,11.0,30.0,1,0.76,MiroC110_S004_R03_C00_1280x1024_900fps_2026-08-10_15-17-24.mp4,1280x1024,900,2026-08-10 15:17:24
Sample 3,S005,R04,C00,30.0,13.0,30.0,1,0.67,MiroC110_S005_R04_C00_1280x1024_900fps_2026-08-10_15-26-35.mp4,1280x1024,900,2026-08-10 15:26:35
Sample 3,S006,R05,C00,30.0,5.0,30.0,2,0.59,MiroC110_S006_R05_C00_1280x1024_900fps_2026-08-10_15-35-11.mp4,1280x1024,900,2026-08-10 15:35:11
Sample 3,S007,R05,C01,30.0,7.0,30.0,2,0.68,MiroC110_S007_R05_C01_1280x1024_900fps_2026-08-10_15-42-47.mp4,1280x1024,900,2026-08-10 15:42:47
Sample 3,S008,R04,C01,30.0,9.0,30.0,2,0.67,MiroC110_S008_R04_C01_1280x1024_900fps_2026-08-10_15-51-02.mp4,1280x1024,900,2026-08-10 15:51:02
Sample 3,S009,R03,C01,30.0,11.0,30.0,2,0.72,MiroC110_S009_R03_C01_1280x1024_900fps_2026-08-10_15-59-41.mp4,1280x1024,900,2026-08-10 15:59:41
Sample 3,S010,R02,C01,30.0,13.0,30.0,2,0.61,MiroC110_S010_R02_C01_1280x1024_900fps_2026-08-10_16-09-29.mp4,1280x1024,900,2026-08-10 16:09:29
Sample 3,S011,R01,C01,30.0,5.0,30.0,3,0.64,MiroC110_S011_R01_C01_1280x1024_900fps_2026-08-10_16-20-23.mp4,1280x1024,900,2026-08-10 16:20:23
Sample 3,S012,R00,C01,30.0,7.0,30.0,3,0.67,MiroC110_S012_R00_C01_1280x1024_900fps_2026-08-10_16-33-51.mp4,1280x1024,900,2026-08-10 16:33:51
Sample 3,S013,R00,C02,30.0,9.0,30.0,3,0.68,MiroC110_S013_R00_C02_1280x1024_900fps_2026-08-10_16-45-34.mp4,1280x1024,900,2026-08-10 16:45:34
Sample 3,S014,R01,C02,30.0,11.0,30.0,3,0.78,MiroC110_S014_R01_C02_1280x1024_900fps_2026-08-10_16-55-41.mp4,1280x1024,900,2026-08-10 16:55:41
Sample 3,S015,R02,C02,30.0,13.0,30.0,3,0.67,MiroC110_S015_R02_C02_1280x1024_900fps_2026-08-10_17-04-30.mp4,1280x1024,900,2026-08-10 17:04:30
Sample 3,S016,R03,C02,30.0,5.0,40.0,1,0.64,MiroC110_S016_R03_C02_1280x1024_900fps_2026-08-10_17-12-13.mp4,1280x1024,900,2026-08-10 17:12:13
Sample 3,S017,R04,C02,30.0,7.0,40.0,1,0.62,MiroC110_S017_R04_C02_1280x1024_900fps_2026-08-10_17-19-37.mp4,1280x1024,900,2026-08-10 17:19:37
Sample 3,S018,R05,C02,30.0,9.0,40.0,1,0.59,MiroC110_S018_R05_C02_1280x1024_900fps_2026-08-10_17-26-31.mp4,1280x1024,900,2026-08-10 17:26:31
Sample 3,S019,R05,C03,30.0,11.0,40.0,1,0.72,MiroC110_S019_R05_C03_1280x1024_900fps_2026-08-10_17-32-53.mp4,1280x1024,900,2026-08-10 17:32:53
Sample 3,S020,R04,C03,30.0,13.0,40.0,1,0.7,MiroC110_S020_R04_C03_1280x1024_900fps_2026-08-10_17-40-04.mp4,1280x1024,900,2026-08-10 17:40:04
Sample 3,S021,R03,C03,30.0,5.0,40.0,2,0.66,MiroC110_S021_R03_C03_1280x1024_900fps_2026-08-10_17-47-17.mp4,1280x1024,900,2026-08-10 17:47:17
Sample 3,S022,R02,C03,30.0,7.0,40.0,2,0.58,MiroC110_S022_R02_C03_1280x1024_900fps_2026-08-10_17-55-28.mp4,1280x1024,900,2026-08-10 17:55:28
Sample 3,S023,R01,C03,30.0,9.0,40.0,2,0.65,MiroC110_S023_R01_C03_1280x1024_900fps_2026-08-10_18-04-37.mp4,1280x1024,900,2026-08-10 18:04:37
Sample 3,S024,R00,C03,30.0,11.0,40.0,2,0.69,MiroC110_S024_R00_C03_1280x1024_900fps_2026-08-10_18-15-04.mp4,1280x1024,900,2026-08-10 18:15:04
Sample 3,S025,R00,C04,30.0,13.0,40.0,2,0.7,MiroC110_S025_R00_C04_1280x1024_900fps_2026-08-10_18-25-17.mp4,1280x1024,900,2026-08-10 18:25:17
Sample 3,S026,R01,C04,30.0,5.0,40.0,3,0.6,MiroC110_S026_R01_C04_1280x1024_900fps_2026-08-10_18-34-02.mp4,1280x1024,900,2026-08-10 18:34:02
Sample 3,S027,R02,C04,30.0,7.0,40.0,3,0.59,MiroC110_S027_R02_C04_1280x1024_900fps_2026-08-10_18-41-41.mp4,1280x1024,900,2026-08-10 18:41:41
Sample 3,S028,R03,C04,30.0,9.0,40.0,3,0.67,MiroC110_S028_R03_C04_1280x1024_900fps_2026-08-10_18-48-44.mp4,1280x1024,900,2026-08-10 18:48:44
Sample 3,S029,R04,C04,30.0,11.0,40.0,3,0.74,MiroC110_S029_R04_C04_1280x1024_900fps_2026-08-10_18-55-20.mp4,1280x1024,900,2026-08-10 18:55:20
Sample 3,S030,R05,C04,30.0,13.0,40.0,3,0.72,MiroC110_S030_R05_C04_1280x1024_900fps_2026-08-10_19-01-43.mp4,1280x1024,900,2026-08-10 19:01:43
Sample 4,S001,R00,C00,40.0,5.0,30.0,1,1.56,MiroC110_S001_R00_C00_1280x1024_400fps_2026-08-09_13-01-56.mp4,1280x1024,400,2026-08-09 13:01:56
Sample 4,S002,R01,C00,40.0,7.0,30.0,1,1.42,MiroC110_S002_R01_C00_1280x1024_400fps_2026-08-09_13-24-15.mp4,1280x1024,400,2026-08-09 13:24:15
Sample 4,S003,R02,C00,40.0,9.0,30.0,1,0.84,MiroC110_S003_R02_C00_1280x1024_400fps_2026-08-09_13-40-38.mp4,1280x1024,400,2026-08-09 13:40:38
Sample 4,S004,R03,C00,40.0,11.0,30.0,1,0.79,MiroC110_S004_R03_C00_1280x1024_400fps_2026-08-09_13-54-06.mp4,1280x1024,400,2026-08-09 13:54:06
Sample 4,S005,R04,C00,40.0,13.0,30.0,1,0.71,MiroC110_S005_R04_C00_1280x1024_400fps_2026-08-09_14-05-19.mp4,1280x1024,400,2026-08-09 14:05:19
Sample 4,S006,R05,C00,40.0,5.0,30.0,2,0.85,MiroC110_S006_R05_C00_1280x1024_400fps_2026-08-09_14-15-15.mp4,1280x1024,400,2026-08-09 14:15:15
Sample 4,S007,R05,C01,40.0,7.0,30.0,2,2.43,MiroC110_S007_R05_C01_1280x1024_400fps_2026-08-09_14-23-48.mp4,1280x1024,400,2026-08-09 14:23:48
Sample 4,S008,R04,C01,40.0,9.0,30.0,2,0.79,MiroC110_S008_R04_C01_1280x1024_400fps_2026-08-09_14-33-26.mp4,1280x1024,400,2026-08-09 14:33:26
Sample 4,S009,R03,C01,40.0,11.0,30.0,2,0.83,MiroC110_S009_R03_C01_1280x1024_400fps_2026-08-09_14-44-22.mp4,1280x1024,400,2026-08-09 14:44:22
Sample 4,S010,R02,C01,40.0,13.0,30.0,2,0.69,MiroC110_S010_R02_C01_1280x1024_400fps_2026-08-09_14-57-31.mp4,1280x1024,400,2026-08-09 14:57:31
Sample 4,S011,R01,C01,40.0,5.0,30.0,3,1.1,MiroC110_S011_R01_C01_1280x1024_400fps_2026-08-09_15-15-30.mp4,1280x1024,400,2026-08-09 15:15:30
Sample 4,S012,R00,C01,40.0,7.0,30.0,3,2.33,MiroC110_S012_R00_C01_1280x1024_400fps_2026-08-09_15-46-28.mp4,1280x1024,400,2026-08-09 15:46:28
Sample 4,S013,R00,C02,40.0,9.0,30.0,3,0.79,MiroC110_S013_R00_C02_1280x1024_400fps_2026-08-09_16-12-59.mp4,1280x1024,400,2026-08-09 16:12:59
Sample 4,S014,R01,C02,40.0,11.0,30.0,3,0.77,MiroC110_S014_R01_C02_1280x1024_400fps_2026-08-09_16-28-30.mp4,1280x1024,400,2026-08-09 16:28:30
Sample 4,S015,R02,C02,40.0,13.0,30.0,3,0.73,MiroC110_S015_R02_C02_1280x1024_400fps_2026-08-09_16-40-14.mp4,1280x1024,400,2026-08-09 16:40:14
Sample 4,S016,R03,C02,40.0,5.0,40.0,1,1.08,MiroC110_S016_R03_C02_1280x1024_400fps_2026-08-09_16-50-10.mp4,1280x1024,400,2026-08-09 16:50:10
Sample 4,S017,R04,C02,40.0,7.0,40.0,1,3.0,MiroC110_S017_R04_C02_1280x1024_400fps_2026-08-09_16-58-46.mp4,1280x1024,400,2026-08-09 16:58:46
Sample 4,S018,R05,C02,40.0,9.0,40.0,1,0.89,MiroC110_S018_R05_C02_1280x1024_400fps_2026-08-09_17-06-36.mp4,1280x1024,400,2026-08-09 17:06:36
Sample 4,S019,R05,C03,40.0,11.0,40.0,1,0.8,MiroC110_S019_R05_C03_1280x1024_400fps_2026-08-09_17-14-02.mp4,1280x1024,400,2026-08-09 17:14:02
Sample 4,S020,R04,C03,40.0,13.0,40.0,1,0.7,MiroC110_S020_R04_C03_1280x1024_400fps_2026-08-09_17-22-06.mp4,1280x1024,400,2026-08-09 17:22:06
Sample 4,S021,R03,C03,40.0,5.0,40.0,2,1.17,MiroC110_S021_R03_C03_1280x1024_400fps_2026-08-09_17-31-04.mp4,1280x1024,400,2026-08-09 17:31:04
Sample 4,S022,R02,C03,40.0,7.0,40.0,2,3.38,MiroC110_S022_R02_C03_1280x1024_400fps_2026-08-09_17-41-44.mp4,1280x1024,400,2026-08-09 17:41:44
Sample 4,S023,R01,C03,40.0,9.0,40.0,2,0.96,MiroC110_S023_R01_C03_1280x1024_400fps_2026-08-09_17-55-49.mp4,1280x1024,400,2026-08-09 17:55:49
Sample 4,S024,R00,C03,40.0,11.0,40.0,2,0.86,MiroC110_S024_R00_C03_1280x1024_400fps_2026-08-09_18-19-38.mp4,1280x1024,400,2026-08-09 18:19:38
Sample 4,S025,R00,C04,40.0,13.0,40.0,2,0.72,MiroC110_S025_R00_C04_1280x1024_400fps_2026-08-09_18-41-45.mp4,1280x1024,400,2026-08-09 18:41:45
Sample 4,S026,R01,C04,40.0,5.0,40.0,3,1.0,MiroC110_S026_R01_C04_1280x1024_400fps_2026-08-09_18-54-51.mp4,1280x1024,400,2026-08-09 18:54:51
Sample 4,S027,R02,C04,40.0,7.0,40.0,3,3.01,MiroC110_S027_R02_C04_1280x1024_400fps_2026-08-09_19-05-02.mp4,1280x1024,400,2026-08-09 19:05:02
Sample 4,S028,R03,C04,40.0,9.0,40.0,3,0.94,MiroC110_S028_R03_C04_1280x1024_400fps_2026-08-09_19-13-36.mp4,1280x1024,400,2026-08-09 19:13:36
Sample 4,S029,R04,C04,40.0,11.0,40.0,3,0.85,MiroC110_S029_R04_C04_1280x1024_400fps_2026-08-09_19-21-22.mp4,1280x1024,400,2026-08-09 19:21:22
Sample 4,S030,R05,C04,40.0,13.0,40.0,3,0.76,MiroC110_S030_R05_C04_1280x1024_400fps_2026-08-09_19-28-49.mp4,1280x1024,400,2026-08-09 19:28:49
Sample 5,S001,R00,C00,50.0,5.0,30.0,1,4.56,MiroC110_S001_R00_C00_1280x1024_900fps_2026-08-13_10-23-03.mp4,1280x1024,900,2026-08-13 10:23:03
Sample 5,S002,R01,C00,50.0,7.0,30.0,1,2.69,MiroC110_S002_R01_C00_1280x1024_900fps_2026-08-13_10-36-19.mp4,1280x1024,900,2026-08-13 10:36:19
Sample 5,S003,R02,C00,50.0,9.0,30.0,1,0.68,MiroC110_S003_R02_C00_1280x1024_900fps_2026-08-13_10-47-43.mp4,1280x1024,900,2026-08-13 10:47:43
Sample 5,S004,R03,C00,50.0,11.0,30.0,1,0.49,MiroC110_S004_R03_C00_1280x1024_900fps_2026-08-13_10-58-00.mp4,1280x1024,900,2026-08-13 10:58:00
Sample 5,S005,R04,C00,50.0,13.0,30.0,1,0.68,MiroC110_S005_R04_C00_1280x1024_900fps_2026-08-13_11-07-07.mp4,1280x1024,900,2026-08-13 11:07:07
Sample 5,S006,R05,C00,50.0,5.0,30.0,2,7.8,MiroC110_S006_R05_C00_1280x1024_900fps_2026-08-13_11-15-49.mp4,1280x1024,900,2026-08-13 11:15:49
Sample 5,S007,R05,C01,50.0,7.0,30.0,2,3.06,MiroC110_S007_R05_C01_1280x1024_900fps_2026-08-13_11-23-22.mp4,1280x1024,900,2026-08-13 11:23:22
Sample 5,S008,R04,C01,50.0,9.0,30.0,2,0.64,MiroC110_S008_R04_C01_1280x1024_900fps_2026-08-13_11-31-34.mp4,1280x1024,900,2026-08-13 11:31:34
Sample 5,S009,R03,C01,50.0,11.0,30.0,2,0.54,MiroC110_S009_R03_C01_1280x1024_900fps_2026-08-13_11-40-12.mp4,1280x1024,900,2026-08-13 11:40:12
Sample 5,S010,R02,C01,50.0,13.0,30.0,2,0.68,MiroC110_S010_R02_C01_1280x1024_900fps_2026-08-13_11-49-38.mp4,1280x1024,900,2026-08-13 11:49:38
Sample 5,S011,R01,C01,50.0,5.0,30.0,3,5.56,MiroC110_S011_R01_C01_1280x1024_900fps_2026-08-13_12-00-43.mp4,1280x1024,900,2026-08-13 12:00:43
Sample 5,S012,R00,C01,50.0,7.0,30.0,3,3.28,MiroC110_S012_R00_C01_1280x1024_900fps_2026-08-13_12-14-11.mp4,1280x1024,900,2026-08-13 12:14:11
Sample 5,S013,R00,C02,50.0,9.0,30.0,3,0.66,MiroC110_S013_R00_C02_1280x1024_900fps_2026-08-13_12-25-49.mp4,1280x1024,900,2026-08-13 12:25:49
Sample 5,S014,R01,C02,50.0,11.0,30.0,3,0.46,MiroC110_S014_R01_C02_1280x1024_900fps_2026-08-13_12-35-40.mp4,1280x1024,900,2026-08-13 12:35:40
Sample 5,S015,R02,C02,50.0,13.0,30.0,3,0.66,MiroC110_S015_R02_C02_1280x1024_900fps_2026-08-13_12-44-19.mp4,1280x1024,900,2026-08-13 12:44:19
Sample 5,S016,R03,C02,50.0,5.0,40.0,1,7.0,MiroC110_S016_R03_C02_1280x1024_900fps_2026-08-13_12-52-08.mp4,1280x1024,900,2026-08-13 12:52:08
Sample 5,S017,R04,C02,50.0,7.0,40.0,1,1.16,MiroC110_S017_R04_C02_1280x1024_900fps_2026-08-13_12-59-29.mp4,1280x1024,900,2026-08-13 12:59:29
Sample 5,S018,R05,C02,50.0,9.0,40.0,1,0.52,MiroC110_S018_R05_C02_1280x1024_900fps_2026-08-13_13-06-15.mp4,1280x1024,900,2026-08-13 13:06:15
Sample 5,S019,R05,C03,50.0,11.0,40.0,1,0.74,MiroC110_S019_R05_C03_1280x1024_900fps_2026-08-13_13-13-07.mp4,1280x1024,900,2026-08-13 13:13:07
Sample 5,S020,R04,C03,50.0,13.0,40.0,1,1.26,MiroC110_S020_R04_C03_1280x1024_900fps_2026-08-13_13-20-07.mp4,1280x1024,900,2026-08-13 13:20:07
Sample 5,S021,R03,C03,50.0,5.0,40.0,2,5.37,MiroC110_S021_R03_C03_1280x1024_900fps_2026-08-13_13-27-40.mp4,1280x1024,900,2026-08-13 13:27:40
Sample 5,S023,R01,C03,50.0,7.0,40.0,2,1.16,MiroC110_S023_R01_C03_1280x1024_900fps_2026-08-13_13-45-13.mp4,1280x1024,900,2026-08-13 13:45:13
Sample 5,S024,R00,C03,50.0,9.0,40.0,2,0.55,MiroC110_S024_R00_C03_1280x1024_900fps_2026-08-13_13-55-59.mp4,1280x1024,900,2026-08-13 13:55:59
Sample 5,S025,R00,C04,50.0,11.0,40.0,2,0.64,MiroC110_S025_R00_C04_1280x1024_900fps_2026-08-13_14-06-31.mp4,1280x1024,900,2026-08-13 14:06:31
Sample 5,S026,R01,C04,50.0,13.0,40.0,2,1.35,MiroC110_S026_R01_C04_1280x1024_900fps_2026-08-13_14-15-22.mp4,1280x1024,900,2026-08-13 14:15:22
Sample 5,S027,R02,C04,50.0,5.0,40.0,3,7.3,MiroC110_S027_R02_C04_1280x1024_900fps_2026-08-13_14-23-07.mp4,1280x1024,900,2026-08-13 14:23:07
Sample 5,S029,R04,C04,50.0,7.0,40.0,3,1.49,MiroC110_S029_R04_C04_1280x1024_900fps_2026-08-13_14-37-40.mp4,1280x1024,900,2026-08-13 14:37:40
Sample 5,S030,R05,C04,50.0,9.0,40.0,3,0.52,MiroC110_S030_R05_C04_1280x1024_900fps_2026-08-13_14-44-24.mp4,1280x1024,900,2026-08-13 14:44:24
Sample 6,S001,R00,C00,60.0,5.0,30.0,1,25.0,MiroC110_S001_R00_C00_1280x1024_900fps_2026-08-13_15-42-17.mp4,1280x1024,900,2026-08-13 15:42:17
Sample 6,S002,R01,C00,60.0,7.0,30.0,1,6.07,MiroC110_S002_R01_C00_1280x1024_900fps_2026-08-13_15-55-25.mp4,1280x1024,900,2026-08-13 15:55:25
Sample 6,S003,R02,C00,60.0,9.0,30.0,1,1.7,MiroC110_S003_R02_C00_1280x1024_900fps_2026-08-13_16-07-08.mp4,1280x1024,900,2026-08-13 16:07:08
Sample 6,S004,R03,C00,60.0,11.0,30.0,1,1.42,MiroC110_S004_R03_C00_1280x1024_900fps_2026-08-13_16-17-14.mp4,1280x1024,900,2026-08-13 16:17:14
Sample 6,S005,R04,C00,60.0,13.0,30.0,1,0.68,MiroC110_S005_R04_C00_1280x1024_900fps_2026-08-13_16-26-40.mp4,1280x1024,900,2026-08-13 16:26:40
Sample 6,S007,R05,C01,60.0,5.0,30.0,2,2.04,MiroC110_S007_R05_C01_1280x1024_900fps_2026-08-13_16-43-11.mp4,1280x1024,900,2026-08-13 16:43:11
Sample 6,S008,R04,C01,60.0,7.0,30.0,2,4.38,MiroC110_S008_R04_C01_1280x1024_900fps_2026-08-13_16-51-04.mp4,1280x1024,900,2026-08-13 16:51:04
Sample 6,S009,R03,C01,60.0,9.0,30.0,2,1.23,MiroC110_S009_R03_C01_1280x1024_900fps_2026-08-13_16-59-48.mp4,1280x1024,900,2026-08-13 16:59:48
Sample 6,S010,R02,C01,60.0,11.0,30.0,2,0.77,MiroC110_S010_R02_C01_1280x1024_900fps_2026-08-13_17-09-19.mp4,1280x1024,900,2026-08-13 17:09:19
Sample 6,S011,R01,C01,60.0,13.0,30.0,2,0.72,MiroC110_S011_R01_C01_1280x1024_900fps_2026-08-13_17-20-31.mp4,1280x1024,900,2026-08-13 17:20:31
Sample 6,S013,R00,C02,60.0,5.0,30.0,3,46.0,MiroC110_S013_R00_C02_1280x1024_900fps_2026-08-13_17-45-27.mp4,1280x1024,900,2026-08-13 17:45:27
Sample 6,S014,R01,C02,60.0,7.0,30.0,3,4.36,MiroC110_S014_R01_C02_1280x1024_900fps_2026-08-13_17-55-21.mp4,1280x1024,900,2026-08-13 17:55:21
Sample 6,S015,R02,C02,60.0,9.0,30.0,3,2.04,MiroC110_S015_R02_C02_1280x1024_900fps_2026-08-13_18-04-02.mp4,1280x1024,900,2026-08-13 18:04:02
Sample 6,S016,R03,C02,60.0,11.0,30.0,3,0.93,MiroC110_S016_R03_C02_1280x1024_900fps_2026-08-13_18-11-56.mp4,1280x1024,900,2026-08-13 18:11:56
Sample 6,S017,R04,C02,60.0,13.0,30.0,3,0.72,MiroC110_S017_R04_C02_1280x1024_900fps_2026-08-13_18-19-26.mp4,1280x1024,900,2026-08-13 18:19:26
Sample 6,S018,R05,C02,60.0,5.0,40.0,1,15.1,MiroC110_S018_R05_C02_1280x1024_900fps_2026-08-13_18-26-35.mp4,1280x1024,900,2026-08-13 18:26:35
Sample 6,S019,R05,C03,60.0,7.0,40.0,1,1.88,MiroC110_S019_R05_C03_1280x1024_900fps_2026-08-13_18-33-28.mp4,1280x1024,900,2026-08-13 18:33:28
Sample 6,S020,R04,C03,60.0,9.0,40.0,1,0.68,MiroC110_S020_R04_C03_1280x1024_900fps_2026-08-13_18-40-32.mp4,1280x1024,900,2026-08-13 18:40:32
Sample 6,S021,R03,C03,60.0,11.0,40.0,1,0.67,MiroC110_S021_R03_C03_1280x1024_900fps_2026-08-13_18-48-05.mp4,1280x1024,900,2026-08-13 18:48:05
Sample 6,S022,R02,C03,60.0,13.0,40.0,1,0.52,MiroC110_S022_R02_C03_1280x1024_900fps_2026-08-13_18-56-21.mp4,1280x1024,900,2026-08-13 18:56:21
Sample 6,S023,R01,C03,60.0,5.0,40.0,2,2.88,MiroC110_S023_R01_C03_1280x1024_900fps_2026-08-13_19-05-29.mp4,1280x1024,900,2026-08-13 19:05:29
Sample 6,S024,R00,C03,60.0,7.0,40.0,2,1.91,MiroC110_S024_R00_C03_1280x1024_900fps_2026-08-13_19-16-17.mp4,1280x1024,900,2026-08-13 19:16:17
Sample 6,S025,R00,C04,60.0,9.0,40.0,2,0.67,MiroC110_S025_R00_C04_1280x1024_900fps_2026-08-13_19-26-31.mp4,1280x1024,900,2026-08-13 19:26:31
Sample 6,S026,R01,C04,60.0,11.0,40.0,2,0.5,MiroC110_S026_R01_C04_1280x1024_900fps_2026-08-13_19-35-09.mp4,1280x1024,900,2026-08-13 19:35:09
Sample 6,S027,R02,C04,60.0,13.0,40.0,2,0.51,MiroC110_S027_R02_C04_1280x1024_900fps_2026-08-13_19-42-52.mp4,1280x1024,900,2026-08-13 19:42:52
Sample 6,S028,R03,C04,60.0,5.0,40.0,3,3.2,MiroC110_S028_R03_C04_1280x1024_900fps_2026-08-13_19-50-05.mp4,1280x1024,900,2026-08-13 19:50:05
Sample 6,S029,R04,C04,60.0,7.0,40.0,3,1.89,MiroC110_S029_R04_C04_1280x1024_900fps_2026-08-13_19-56-58.mp4,1280x1024,900,2026-08-13 19:56:58
Sample 6,S030,R05,C04,60.0,9.0,40.0,3,0.68,MiroC110_S030_R05_C04_1280x1024_900fps_2026-08-13_20-03-18.mp4,1280x1024,900,2026-08-13 20:03:18
Sample 7,S001,R00,C00,40.0,5.0,100.0,1,0.49,MiroC110_S001_R00_C00_1280x720_1200fps_2026-08-14_11-50-07.mp4,1280x720,1200,2026-08-14 11:50:07
Sample 7,S002,R01,C00,40.0,7.0,100.0,1,2.11,MiroC110_S002_R01_C00_1280x720_1200fps_2026-08-14_11-57-29.mp4,1280x720,1200,2026-08-14 11:57:29
Sample 7,S003,R02,C00,40.0,9.0,100.0,1,2.36,MiroC110_S003_R02_C00_1280x720_1200fps_2026-08-14_12-04-23.mp4,1280x720,1200,2026-08-14 12:04:23
Sample 7,S004,R03,C00,40.0,11.0,100.0,1,3.15,MiroC110_S004_R03_C00_1280x720_1200fps_2026-08-14_12-11-02.mp4,1280x720,1200,2026-08-14 12:11:02
Sample 7,S005,R04,C00,40.0,13.0,100.0,1,2.83,MiroC110_S005_R04_C00_1280x720_1200fps_2026-08-14_12-17-29.mp4,1280x720,1200,2026-08-14 12:17:29
Sample 7,S006,R05,C00,40.0,5.0,100.0,2,0.55,MiroC110_S006_R05_C00_1280x720_1200fps_2026-08-14_12-23-41.cine,1280x720,1200,2026-08-14 12:23:41
Sample 7,S007,R05,C01,40.0,7.0,100.0,2,1.64,MiroC110_S007_R05_C01_1280x720_1200fps_2026-08-14_12-29-27.mp4,1280x720,1200,2026-08-14 12:29:27
Sample 7,S008,R04,C01,40.0,9.0,100.0,2,2.23,MiroC110_S008_R04_C01_1280x720_1200fps_2026-08-14_12-35-26.mp4,1280x720,1200,2026-08-14 12:35:26
Sample 7,S009,R03,C01,40.0,11.0,100.0,2,3.13,MiroC110_S009_R03_C01_1280x720_1200fps_2026-08-14_12-41-28.mp4,1280x720,1200,2026-08-14 12:41:28
Sample 7,S010,R02,C01,40.0,13.0,100.0,2,2.84,MiroC110_S010_R02_C01_1280x720_1200fps_2026-08-14_12-47-38.mp4,1280x720,1200,2026-08-14 12:47:38
Sample 7,S011,R01,C01,40.0,5.0,100.0,3,0.51,MiroC110_S011_R01_C01_1280x720_1200fps_2026-08-14_12-53-48.mp4,1280x720,1200,2026-08-14 12:53:48
Sample 7,S012,R00,C01,40.0,7.0,100.0,3,1.65,MiroC110_S012_R00_C01_1280x720_1200fps_2026-08-14_13-00-34.mp4,1280x720,1200,2026-08-14 13:00:34
Sample 7,S014,R01,C02,40.0,9.0,100.0,3,2.64,MiroC110_S014_R01_C02_1280x720_1200fps_2026-08-14_13-12-25.mp4,1280x720,1200,2026-08-14 13:12:25
sample 8,S001,R00,C00,50.0,5.0,100.0,1,0.44,MiroC110_S001_R00_C00_1280x720_1200fps_2026-08-14_15-08-02.mp4,1280x720,1200,2026-08-14 15:08:02
sample 8,S002,R01,C00,50.0,7.0,100.0,1,1.81,MiroC110_S002_R01_C00_1280x720_1200fps_2026-08-14_15-15-12.mp4,1280x720,1200,2026-08-14 15:15:12
sample 8,S003,R02,C00,50.0,9.0,100.0,1,2.5,MiroC110_S003_R02_C00_1280x720_1200fps_2026-08-14_15-22-12.mp4,1280x720,1200,2026-08-14 15:22:12
sample 8,S004,R03,C00,50.0,11.0,100.0,1,2.92,MiroC110_S004_R03_C00_1280x720_1200fps_2026-08-14_15-28-57.mp4,1280x720,1200,2026-08-14 15:28:57
sample 8,S005,R04,C00,50.0,13.0,100.0,1,2.12,MiroC110_S005_R04_C00_1280x720_1200fps_2026-08-14_15-35-30.mp4,1280x720,1200,2026-08-14 15:35:30
sample 8,S006,R05,C00,50.0,5.0,100.0,2,0.48,MiroC110_S006_R05_C00_1280x720_1200fps_2026-08-14_15-41-45.mp4,1280x720,1200,2026-08-14 15:41:45
sample 8,S007,R05,C01,50.0,7.0,100.0,2,1.86,MiroC110_S007_R05_C01_1280x720_1200fps_2026-08-14_15-47-42.mp4,1280x720,1200,2026-08-14 15:47:42
sample 8,S008,R04,C01,50.0,9.0,100.0,2,2.41,MiroC110_S008_R04_C01_1280x720_1200fps_2026-08-14_15-53-30.mp4,1280x720,1200,2026-08-14 15:53:30
sample 8,S009,R03,C01,50.0,11.0,100.0,2,2.22,MiroC110_S009_R03_C01_1280x720_1200fps_2026-08-14_15-59-22.mp4,1280x720,1200,2026-08-14 15:59:22
sample 8,S010,R02,C01,50.0,13.0,100.0,2,2.15,MiroC110_S010_R02_C01_1280x720_1200fps_2026-08-14_16-05-41.mp4,1280x720,1200,2026-08-14 16:05:41
sample 8,S011,R01,C01,50.0,5.0,100.0,3,0.49,MiroC110_S011_R01_C01_1280x720_1200fps_2026-08-14_16-11-57.mp4,1280x720,1200,2026-08-14 16:11:57
sample 8,S012,R00,C01,50.0,7.0,100.0,3,1.72,MiroC110_S012_R00_C01_1280x720_1200fps_2026-08-14_16-18-27.mp4,1280x720,1200,2026-08-14 16:18:27
sample 8,S013,R00,C02,50.0,9.0,100.0,3,2.32,MiroC110_S013_R00_C02_1280x720_1200fps_2026-08-14_16-24-31.mp4,1280x720,1200,2026-08-14 16:24:31
sample 8,S014,R01,C02,50.0,11.0,100.0,3,2.53,MiroC110_S014_R01_C02_1280x720_1200fps_2026-08-14_16-30-23.mp4,1280x720,1200,2026-08-14 16:30:23
sample 8,S015,R02,C02,50.0,13.0,100.0,3,2.32,MiroC110_S015_R02_C02_1280x720_1200fps_2026-08-14_16-36-07.mp4,1280x720,1200,2026-08-14 16:36:07
sample 8,S016,R03,C02,50.0,5.0,110.0,1,0.49,MiroC110_S016_R03_C02_1280x720_1200fps_2026-08-14_16-41-35.mp4,1280x720,1200,2026-08-14 16:41:35
sample 8,S017,R04,C02,50.0,7.0,110.0,1,2.88,MiroC110_S017_R04_C02_1280x720_1200fps_2026-08-14_16-47-00.mp4,1280x720,1200,2026-08-14 16:47:00
sample 8,S018,R05,C02,50.0,9.0,110.0,1,2.23,MiroC110_S018_R05_C02_1280x720_1200fps_2026-08-14_16-52-26.mp4,1280x720,1200,2026-08-14 16:52:26
sample 8,S019,R05,C03,50.0,11.0,110.0,1,2.03,MiroC110_S019_R05_C03_1280x720_1200fps_2026-08-14_16-57-35.mp4,1280x720,1200,2026-08-14 16:57:35
sample 8,S020,R04,C03,50.0,13.0,110.0,1,1.36,MiroC110_S020_R04_C03_1280x720_1200fps_2026-08-14_17-02-46.mp4,1280x720,1200,2026-08-14 17:02:46
sample 8,S021,R03,C03,50.0,5.0,110.0,2,0.43,MiroC110_S021_R03_C03_1280x720_1200fps_2026-08-14_17-08-10.mp4,1280x720,1200,2026-08-14 17:08:10
sample 8,S022,R02,C03,50.0,7.0,110.0,2,2.65,MiroC110_S022_R02_C03_1280x720_1200fps_2026-08-14_17-13-36.mp4,1280x720,1200,2026-08-14 17:13:36
sample 8,S023,R01,C03,50.0,9.0,110.0,2,2.01,MiroC110_S023_R01_C03_1280x720_1200fps_2026-08-14_17-19-21.mp4,1280x720,1200,2026-08-14 17:19:21
sample 8,S024,R00,C03,50.0,11.0,110.0,2,2.63,MiroC110_S024_R00_C03_1280x720_1200fps_2026-08-14_17-25-09.mp4,1280x720,1200,2026-08-14 17:25:09
sample 8,S025,R00,C04,50.0,13.0,110.0,2,1.81,MiroC110_S025_R00_C04_1280x720_1200fps_2026-08-14_17-31-00.mp4,1280x720,1200,2026-08-14 17:31:00
sample 8,S027,R02,C04,50.0,5.0,110.0,3,0.48,MiroC110_S027_R02_C04_1280x720_1200fps_2026-08-14_17-41-57.mp4,1280x720,1200,2026-08-14 17:41:57
sample 8,S028,R03,C04,50.0,7.0,110.0,3,2.43,MiroC110_S028_R03_C04_1280x720_1200fps_2026-08-14_17-47-12.mp4,1280x720,1200,2026-08-14 17:47:12
sample 8,S029,R04,C04,50.0,9.0,110.0,3,2.22,MiroC110_S029_R04_C04_1280x720_1200fps_2026-08-14_17-52-36.mp4,1280x720,1200,2026-08-14 17:52:36
sample 8,S030,R05,C04,50.0,11.0,110.0,3,1.9,MiroC110_S030_R05_C04_1280x720_1200fps_2026-08-14_17-57-36.mp4,1280x720,1200,2026-08-14 17:57:36
Sample 10,S001,R00,C00,30.0,5.0,100.0,1,1.6,MiroC110_S001_R00_C00_1280x720_1200fps_2026-08-17_10-36-10.mp4,1280x720,1200,2026-08-17 10:36:10
Sample 10,S002,R01,C00,30.0,7.0,100.0,1,2.32,MiroC110_S002_R01_C00_1280x720_1200fps_2026-08-17_10-43-03.mp4,1280x720,1200,2026-08-17 10:43:03
Sample 10,S003,R02,C00,30.0,9.0,100.0,1,3.8,MiroC110_S003_R02_C00_1280x720_1200fps_2026-08-17_10-49-46.mp4,1280x720,1200,2026-08-17 10:49:46
Sample 10,S004,R03,C00,30.0,11.0,100.0,1,6.14,MiroC110_S004_R03_C00_1280x720_1200fps_2026-08-17_10-56-21.mp4,1280x720,1200,2026-08-17 10:56:21
Sample 10,S005,R04,C00,30.0,13.0,100.0,1,8.92,MiroC110_S005_R04_C00_1280x720_1200fps_2026-08-17_11-02-34.mp4,1280x720,1200,2026-08-17 11:02:34
Sample 10,S006,R05,C00,30.0,5.0,100.0,2,1.73,MiroC110_S006_R05_C00_1280x720_1200fps_2026-08-17_11-08-39.mp4,1280x720,1200,2026-08-17 11:08:39
Sample 10,S007,R05,C01,30.0,7.0,100.0,2,2.43,MiroC110_S007_R05_C01_1280x720_1200fps_2026-08-17_11-14-12.mp4,1280x720,1200,2026-08-17 11:14:12
Sample 10,S008,R04,C01,30.0,9.0,100.0,2,3.9,MiroC110_S008_R04_C01_1280x720_1200fps_2026-08-17_11-19-51.mp4,1280x720,1200,2026-08-17 11:19:51
Sample 10,S009,R03,C01,30.0,11.0,100.0,2,8.7,MiroC110_S009_R03_C01_1280x720_1200fps_2026-08-17_11-25-28.mp4,1280x720,1200,2026-08-17 11:25:28
Sample 10,S010,R02,C01,30.0,13.0,100.0,2,6.83,MiroC110_S010_R02_C01_1280x720_1200fps_2026-08-17_11-31-15.mp4,1280x720,1200,2026-08-17 11:31:15
Sample 10,S011,R01,C01,30.0,5.0,100.0,3,1.62,MiroC110_S011_R01_C01_1280x720_1200fps_2026-08-17_11-37-27.mp4,1280x720,1200,2026-08-17 11:37:27
Sample 10,S012,R00,C01,30.0,7.0,100.0,3,2.47,MiroC110_S012_R00_C01_1280x720_1200fps_2026-08-17_11-43-47.mp4,1280x720,1200,2026-08-17 11:43:47
Sample 10,S013,R00,C02,30.0,9.0,100.0,3,3.6,MiroC110_S013_R00_C02_1280x720_1200fps_2026-08-17_11-49-49.mp4,1280x720,1200,2026-08-17 11:49:49
Sample 10,S014,R01,C02,30.0,11.0,100.0,3,8.53,MiroC110_S014_R01_C02_1280x720_1200fps_2026-08-17_11-55-26.mp4,1280x720,1200,2026-08-17 11:55:26
Sample 10,S015,R02,C02,30.0,13.0,100.0,3,7.3,MiroC110_S015_R02_C02_1280x720_1200fps_2026-08-17_12-01-04.mp4,1280x720,1200,2026-08-17 12:01:04
Sample 10,S016,R03,C02,30.0,5.0,110.0,1,1.87,MiroC110_S016_R03_C02_1280x720_1200fps_2026-08-17_12-06-31.mp4,1280x720,1200,2026-08-17 12:06:31
Sample 10,S017,R04,C02,30.0,7.0,110.0,1,3.92,MiroC110_S017_R04_C02_1280x720_1200fps_2026-08-17_12-11-58.mp4,1280x720,1200,2026-08-17 12:11:58
Sample 10,S018,R05,C02,30.0,9.0,110.0,1,5.52,MiroC110_S018_R05_C02_1280x720_1200fps_2026-08-17_12-17-09.mp4,1280x720,1200,2026-08-17 12:17:09
